order_id,date,product,category,region,quantity,unit_price
1001,2026-06-09,Wireless Mouse,Electronics,South,1,19.99
1002,2026-06-04,USB-C Hub,Electronics,North,2,39.99
1003,2026-01-01,Coffee Mug,Home,North,4,9.99
1004,2026-05-20,USB-C Hub,Electronics,North,2,39.99
1005,2026-06-21,Running Shoes,Fashion,West,2,89.99
1006,2026-05-09,USB-C Hub,Electronics,North,4,39.99
1007,2026-03-09,Mechanical Keyboard,Electronics,South,4,79.99
1008,2026-01-03,USB-C Hub,Electronics,West,3,39.99
1009,2026-03-20,Wireless Mouse,Electronics,East,3,19.99
1010,2026-05-04,Laptop Stand,Electronics,West,4,29.99
1011,2026-03-27,Wireless Mouse,Electronics,East,5,19.99
1012,2026-06-03,Coffee Mug,Home,North,2,9.99
1013,2026-01-28,USB-C Hub,Electronics,South,3,39.99
1014,2026-03-15,Wireless Mouse,Electronics,East,4,19.99
1015,2026-03-07,Mechanical Keyboard,Electronics,East,3,79.99
1016,2026-06-06,Wireless Mouse,Electronics,South,5,19.99
1017,2026-04-09,Mechanical Keyboard,Electronics,South,4,79.99
1018,2026-02-27,Desk Lamp,Home,North,1,24.99
1019,2026-03-03,Desk Lamp,Home,South,4,24.99
1020,2026-02-21,Coffee Mug,Home,West,3,9.99
1021,2026-02-09,Water Bottle,Home,South,4,14.99
1022,2026-05-09,USB-C Hub,Electronics,West,5,39.99
1023,2026-03-08,Coffee Mug,Home,South,4,9.99
1024,2026-01-25,Running Shoes,Fashion,North,4,89.99
1025,2026-06-06,Wireless Mouse,Electronics,West,2,19.99
1026,2026-04-13,Coffee Mug,Home,West,1,9.99
1027,2026-05-28,Running Shoes,Fashion,North,3,89.99
1028,2026-03-25,Wireless Mouse,Electronics,East,5,19.99
1029,2026-04-06,Wireless Mouse,Electronics,West,3,19.99
1030,2026-05-25,Laptop Stand,Electronics,South,3,29.99
1031,2026-06-10,Running Shoes,Fashion,South,1,89.99
1032,2026-02-18,Mechanical Keyboard,Electronics,North,3,79.99
1033,2026-04-01,Coffee Mug,Home,North,3,9.99
1034,2026-02-02,Desk Lamp,Home,South,3,24.99
1035,2026-01-24,Coffee Mug,Home,West,1,9.99
1036,2026-02-05,Wireless Mouse,Electronics,West,5,19.99
1037,2026-03-17,Running Shoes,Fashion,West,2,89.99
1038,2026-06-23,USB-C Hub,Electronics,South,5,39.99
1039,2026-06-21,Notebook Set,Stationery,East,4,12.99
1040,2026-04-04,Backpack,Fashion,South,5,49.99
1041,2026-03-01,USB-C Hub,Electronics,South,1,39.99
1042,2026-01-03,Coffee Mug,Home,North,2,9.99
1043,2026-01-28,USB-C Hub,Electronics,East,1,39.99
1044,2026-02-09,Wireless Mouse,Electronics,West,5,19.99
1045,2026-02-24,USB-C Hub,Electronics,West,5,39.99
1046,2026-04-07,USB-C Hub,Electronics,North,4,39.99
1047,2026-03-14,Wireless Mouse,Electronics,West,4,19.99
1048,2026-06-21,Backpack,Fashion,North,1,49.99
1049,2026-06-11,Laptop Stand,Electronics,North,4,29.99
1050,2026-02-18,USB-C Hub,Electronics,West,2,39.99
1051,2026-02-09,Mechanical Keyboard,Electronics,West,4,79.99
1052,2026-04-26,USB-C Hub,Electronics,North,1,39.99
1053,2026-01-03,Laptop Stand,Electronics,South,5,29.99
1054,2026-04-16,Mechanical Keyboard,Electronics,South,4,79.99
1055,2026-02-13,Water Bottle,Home,North,1,14.99
1056,2026-04-10,Water Bottle,Home,West,3,14.99
1057,2026-02-07,Running Shoes,Fashion,East,4,89.99
1058,2026-05-24,USB-C Hub,Electronics,North,1,39.99
1059,2026-01-19,Desk Lamp,Home,West,1,24.99
1060,2026-02-02,Running Shoes,Fashion,North,5,89.99
1061,2026-05-03,Mechanical Keyboard,Electronics,South,1,79.99
1062,2026-05-08,Water Bottle,Home,North,1,14.99
1063,2026-04-22,Coffee Mug,Home,East,1,9.99
1064,2026-06-23,Notebook Set,Stationery,East,2,12.99
1065,2026-04-05,USB-C Hub,Electronics,East,3,39.99
1066,2026-01-01,Backpack,Fashion,West,3,49.99
1067,2026-01-03,Coffee Mug,Home,South,5,9.99
1068,2026-02-12,Running Shoes,Fashion,North,3,89.99
1069,2026-03-06,USB-C Hub,Electronics,West,3,39.99
1070,2026-05-26,Running Shoes,Fashion,North,3,89.99
1071,2026-06-04,Running Shoes,Fashion,South,3,89.99
1072,2026-01-24,Notebook Set,Stationery,South,1,12.99
1073,2026-05-07,Notebook Set,Stationery,East,3,12.99
1074,2026-05-16,USB-C Hub,Electronics,East,3,39.99
1075,2026-06-14,Laptop Stand,Electronics,East,1,29.99
1076,2026-03-25,Laptop Stand,Electronics,South,1,29.99
1077,2026-06-15,Notebook Set,Stationery,West,2,12.99
1078,2026-01-03,Running Shoes,Fashion,South,1,89.99
1079,2026-03-19,Running Shoes,Fashion,South,1,89.99
1080,2026-01-10,Water Bottle,Home,East,2,14.99
1081,2026-02-22,Laptop Stand,Electronics,South,3,29.99
1082,2026-05-28,Wireless Mouse,Electronics,West,3,19.99
1083,2026-02-28,Coffee Mug,Home,South,2,9.99
1084,2026-01-06,Mechanical Keyboard,Electronics,East,4,79.99
1085,2026-03-06,Water Bottle,Home,North,2,14.99
1086,2026-04-08,Water Bottle,Home,South,1,14.99
1087,2026-03-27,Backpack,Fashion,South,3,49.99
1088,2026-06-07,USB-C Hub,Electronics,West,1,39.99
1089,2026-01-25,Desk Lamp,Home,East,3,24.99
1090,2026-04-22,Desk Lamp,Home,East,5,24.99
1091,2026-03-06,Laptop Stand,Electronics,East,1,29.99
1092,2026-05-14,Laptop Stand,Electronics,East,1,29.99
1093,2026-05-17,Desk Lamp,Home,North,4,24.99
1094,2026-02-09,Water Bottle,Home,North,5,14.99
1095,2026-05-26,Water Bottle,Home,South,1,14.99
1096,2026-01-22,Desk Lamp,Home,East,4,24.99
1097,2026-06-28,Coffee Mug,Home,North,3,9.99
1098,2026-03-22,Notebook Set,Stationery,West,5,12.99
1099,2026-06-10,Desk Lamp,Home,South,4,24.99
1100,2026-06-13,USB-C Hub,Electronics,South,4,39.99
1101,2026-03-13,Coffee Mug,Home,North,5,9.99
1102,2026-02-14,Notebook Set,Stationery,East,3,12.99
1103,2026-04-22,Backpack,Fashion,South,4,49.99
1104,2026-06-06,Running Shoes,Fashion,North,4,89.99
1105,2026-06-21,Notebook Set,Stationery,East,5,12.99
1106,2026-06-10,Wireless Mouse,Electronics,South,2,19.99
1107,2026-01-02,USB-C Hub,Electronics,South,2,39.99
1108,2026-01-15,Backpack,Fashion,West,5,49.99
1109,2026-06-23,Coffee Mug,Home,West,2,9.99
1110,2026-02-05,Backpack,Fashion,North,4,49.99
1111,2026-02-06,Wireless Mouse,Electronics,West,4,19.99
1112,2026-02-28,Laptop Stand,Electronics,North,5,29.99
1113,2026-04-22,Backpack,Fashion,East,2,49.99
1114,2026-06-17,Backpack,Fashion,West,5,49.99
1115,2026-02-24,Running Shoes,Fashion,West,4,89.99
1116,2026-02-27,Backpack,Fashion,East,3,49.99
1117,2026-06-08,Running Shoes,Fashion,East,4,89.99
1118,2026-06-10,Backpack,Fashion,South,1,49.99
1119,2026-03-18,Notebook Set,Stationery,North,3,12.99
1120,2026-02-13,Mechanical Keyboard,Electronics,South,2,79.99
1121,2026-04-14,USB-C Hub,Electronics,East,1,39.99
1122,2026-04-02,Running Shoes,Fashion,South,4,89.99
1123,2026-05-23,Water Bottle,Home,North,4,14.99
1124,2026-04-01,Coffee Mug,Home,East,4,9.99
1125,2026-04-18,Notebook Set,Stationery,South,4,12.99
1126,2026-03-14,Backpack,Fashion,West,2,49.99
1127,2026-03-22,Laptop Stand,Electronics,West,4,29.99
1128,2026-02-20,Mechanical Keyboard,Electronics,North,4,79.99
1129,2026-05-22,Water Bottle,Home,North,5,14.99
1130,2026-02-28,Wireless Mouse,Electronics,West,4,19.99
1131,2026-03-13,Mechanical Keyboard,Electronics,East,1,79.99
1132,2026-03-11,USB-C Hub,Electronics,West,4,39.99
1133,2026-03-27,Notebook Set,Stationery,North,4,12.99
1134,2026-06-18,Backpack,Fashion,North,1,49.99
1135,2026-06-03,Desk Lamp,Home,North,2,24.99
1136,2026-02-27,Laptop Stand,Electronics,North,2,29.99
1137,2026-02-05,Coffee Mug,Home,West,2,9.99
1138,2026-02-15,Wireless Mouse,Electronics,East,5,19.99
1139,2026-05-20,Desk Lamp,Home,North,2,24.99
1140,2026-01-19,Mechanical Keyboard,Electronics,North,3,79.99
1141,2026-06-13,Notebook Set,Stationery,West,5,12.99
1142,2026-05-23,USB-C Hub,Electronics,South,1,39.99
1143,2026-06-20,Wireless Mouse,Electronics,North,3,19.99
1144,2026-03-18,Coffee Mug,Home,West,1,9.99
1145,2026-05-21,Desk Lamp,Home,East,1,24.99
1146,2026-04-04,Laptop Stand,Electronics,West,4,29.99
1147,2026-06-05,Desk Lamp,Home,West,4,24.99
1148,2026-06-09,Mechanical Keyboard,Electronics,West,5,79.99
1149,2026-06-19,Backpack,Fashion,East,4,49.99
1150,2026-01-09,Desk Lamp,Home,West,2,24.99
1151,2026-05-20,USB-C Hub,Electronics,West,4,39.99
1152,2026-04-28,Desk Lamp,Home,East,1,24.99
1153,2026-02-12,Mechanical Keyboard,Electronics,East,4,79.99
1154,2026-05-23,Desk Lamp,Home,East,3,24.99
1155,2026-05-07,Running Shoes,Fashion,North,1,89.99
1156,2026-04-18,USB-C Hub,Electronics,South,4,39.99
1157,2026-04-26,Backpack,Fashion,North,4,49.99
1158,2026-02-13,Wireless Mouse,Electronics,South,3,19.99
1159,2026-03-16,Notebook Set,Stationery,East,5,12.99
1160,2026-03-12,Water Bottle,Home,West,5,14.99
1161,2026-03-08,Notebook Set,Stationery,North,3,12.99
1162,2026-01-24,USB-C Hub,Electronics,South,3,39.99
1163,2026-06-16,USB-C Hub,Electronics,East,2,39.99
1164,2026-05-10,Coffee Mug,Home,North,5,9.99
1165,2026-02-12,USB-C Hub,Electronics,South,3,39.99
1166,2026-06-18,Notebook Set,Stationery,South,1,12.99
1167,2026-01-18,Notebook Set,Stationery,East,1,12.99
1168,2026-01-28,Mechanical Keyboard,Electronics,North,4,79.99
1169,2026-04-16,Coffee Mug,Home,West,3,9.99
1170,2026-01-09,Desk Lamp,Home,West,2,24.99
1171,2026-04-16,Wireless Mouse,Electronics,North,1,19.99
1172,2026-02-05,Coffee Mug,Home,East,1,9.99
1173,2026-01-18,Wireless Mouse,Electronics,West,2,19.99
1174,2026-05-08,Coffee Mug,Home,West,5,9.99
1175,2026-03-28,Backpack,Fashion,West,4,49.99
1176,2026-05-02,Notebook Set,Stationery,North,5,12.99
1177,2026-03-22,USB-C Hub,Electronics,North,2,39.99
1178,2026-02-18,Mechanical Keyboard,Electronics,North,2,79.99
1179,2026-04-15,Mechanical Keyboard,Electronics,West,1,79.99
1180,2026-02-10,Notebook Set,Stationery,East,1,12.99
1181,2026-06-08,Backpack,Fashion,East,1,49.99
1182,2026-04-04,Coffee Mug,Home,South,2,9.99
1183,2026-02-03,Mechanical Keyboard,Electronics,North,3,79.99
1184,2026-05-24,Mechanical Keyboard,Electronics,East,3,79.99
1185,2026-04-23,Backpack,Fashion,East,1,49.99
1186,2026-05-18,Water Bottle,Home,West,3,14.99
1187,2026-05-02,Backpack,Fashion,West,1,49.99
1188,2026-03-01,Desk Lamp,Home,North,5,24.99
1189,2026-05-01,USB-C Hub,Electronics,East,5,39.99
1190,2026-02-16,Coffee Mug,Home,West,1,9.99
1191,2026-05-14,Notebook Set,Stationery,West,2,12.99
1192,2026-03-14,Wireless Mouse,Electronics,East,4,19.99
1193,2026-02-11,Desk Lamp,Home,West,1,24.99
1194,2026-06-13,Backpack,Fashion,North,3,49.99
1195,2026-03-09,Backpack,Fashion,East,1,49.99
1196,2026-05-27,Wireless Mouse,Electronics,North,4,19.99
1197,2026-04-02,Running Shoes,Fashion,South,4,89.99
1198,2026-05-25,Running Shoes,Fashion,West,3,89.99
1199,2026-02-09,Backpack,Fashion,South,1,49.99
1200,2026-06-16,Notebook Set,Stationery,North,4,12.99
1201,2026-02-23,Laptop Stand,Electronics,South,5,29.99
1202,2026-01-18,Notebook Set,Stationery,West,5,12.99
1203,2026-01-15,Wireless Mouse,Electronics,North,2,19.99
1204,2026-06-10,Mechanical Keyboard,Electronics,East,4,79.99
1205,2026-04-08,Water Bottle,Home,West,4,14.99
1206,2026-04-07,Running Shoes,Fashion,South,2,89.99
1207,2026-04-11,Wireless Mouse,Electronics,East,3,19.99
1208,2026-06-10,Laptop Stand,Electronics,West,3,29.99
1209,2026-05-16,Mechanical Keyboard,Electronics,East,4,79.99
1210,2026-05-13,Desk Lamp,Home,West,5,24.99
1211,2026-06-08,Desk Lamp,Home,West,2,24.99
1212,2026-01-11,USB-C Hub,Electronics,West,4,39.99
1213,2026-06-26,Water Bottle,Home,South,4,14.99
1214,2026-02-17,Backpack,Fashion,East,1,49.99
1215,2026-01-17,Wireless Mouse,Electronics,West,4,19.99
1216,2026-04-28,Laptop Stand,Electronics,South,2,29.99
1217,2026-03-11,Wireless Mouse,Electronics,West,4,19.99
1218,2026-06-28,Wireless Mouse,Electronics,West,3,19.99
1219,2026-05-02,Desk Lamp,Home,North,4,24.99
1220,2026-02-24,USB-C Hub,Electronics,North,3,39.99
1221,2026-06-23,Water Bottle,Home,North,1,14.99
1222,2026-06-10,Backpack,Fashion,North,2,49.99
1223,2026-01-10,Laptop Stand,Electronics,East,3,29.99
1224,2026-02-08,Desk Lamp,Home,West,4,24.99
1225,2026-02-06,Coffee Mug,Home,North,2,9.99
1226,2026-05-22,Coffee Mug,Home,South,4,9.99
1227,2026-02-08,Backpack,Fashion,West,5,49.99
1228,2026-03-22,Notebook Set,Stationery,North,4,12.99
1229,2026-06-18,Backpack,Fashion,South,3,49.99
1230,2026-03-19,Wireless Mouse,Electronics,East,4,19.99
1231,2026-04-28,Water Bottle,Home,East,3,14.99
1232,2026-04-04,USB-C Hub,Electronics,South,4,39.99
1233,2026-03-19,Water Bottle,Home,East,5,14.99
1234,2026-06-13,Notebook Set,Stationery,East,1,12.99
1235,2026-06-25,Laptop Stand,Electronics,North,5,29.99
1236,2026-03-25,Coffee Mug,Home,South,4,9.99
1237,2026-02-21,Coffee Mug,Home,South,3,9.99
1238,2026-06-25,Coffee Mug,Home,South,3,9.99
1239,2026-03-26,Wireless Mouse,Electronics,West,1,19.99
1240,2026-03-24,Laptop Stand,Electronics,South,5,29.99
1241,2026-03-24,Wireless Mouse,Electronics,West,3,19.99
1242,2026-02-26,Mechanical Keyboard,Electronics,East,2,79.99
1243,2026-03-27,Running Shoes,Fashion,South,5,89.99
1244,2026-03-24,Notebook Set,Stationery,East,4,12.99
1245,2026-01-05,Wireless Mouse,Electronics,South,4,19.99
1246,2026-03-03,Water Bottle,Home,West,5,14.99
1247,2026-05-04,Laptop Stand,Electronics,West,3,29.99
1248,2026-05-13,Desk Lamp,Home,East,3,24.99
1249,2026-04-01,Wireless Mouse,Electronics,East,2,19.99
1250,2026-06-03,Coffee Mug,Home,West,2,9.99
